score	arxiv_id	opg_slug	attributed_to	title	arxiv_excerpt	paper_contribution	abs_url
100	1110.4077	behzads_conjecture	Behzad; Vizing	Total Colouring Conjecture	$\chi_T(G) \leq \Delta(G) + 2$ for any graph $G$.	Proves a special case as Theorem 2.8: for any graph $G$ of treewidth at most $k$ with $\Delta(G) \geq (k+2)^{2k+2}$, $\mathrm{ch}_T(G) = \chi_T(G) = \Delta(G)+1$, yielding a stronger form of the conje	https://arxiv.org/abs/1110.4077
100	2103.07886	caccetta_haggkvist_conjecture	Caccetta and Häggkvist	Caccetta-Häggkvist Conjecture	Every digraph on $n$ vertices with minimum out-degree at least $r$ contains a directed cycle of length at most $\lceil n/r \rceil$.	Proves that every locally in-tournament digraph satisfies the Caccetta-Häggkvist conjecture, deducing it from the structural decomposition theorem (Theorem 2.3).	https://arxiv.org/abs/2103.07886
100	2206.10733	caccetta_haggkvist_conjecture	Caccetta and Häggkvist	Caccetta-Häggkvist Conjecture	Let $n, k$ be positive integers. Suppose that $G$ is a simple digraph on $n$ vertices with $\delta^+(v) \geq \lceil n/k \rceil$ for all $v \in V(G)$; then $G$ c	Does not prove new bounds for the conjecture directly; instead uses existing approximations for the triangle case as a tool to establish improved triangularity bounds for Aharoni's rainbow generalizat	https://arxiv.org/abs/2206.10733
100	2102.08679	edge_reconstruction_conjecture	Kelly and Ulam	Reconstruction Conjecture	For $n \geq 3$, two graphs $G$ and $H$ of order $n$ are isomorphic if and only if $\mathcal{D}(G) = \mathcal{D}(H)$.	Proves that the degree sequence of any graph with average degree at most $d$ can be reconstructed from any deck missing at most $\frac{n}{10^4 d^3}$ cards; in particular, for graphs embeddable on a fi	https://arxiv.org/abs/2102.08679
100	2408.04618	erdos_faber_lovasz_conjecture	Lovász	Lovász Conjecture	Every connected vertex-transitive graph admits a Hamiltonian path.	Shows that every connected vertex-transitive graph on $n\geq 3$ vertices contains a cycle (and hence a path) of length at least $\Omega(n^{13/21})$, improving the previous bound of $\Omega(n^{3/5})$ d	https://arxiv.org/abs/2408.04618
100	2505.08634	erdos_faber_lovasz_conjecture	Lovász	Lovász Conjecture	Every sufficiently large connected vertex-transitive graph admits a Hamiltonian path.	Shows that every connected vertex-transitive graph of order $n$ contains a path of length $\Omega(n^{9/14})$, improving the previous best bound of $\Omega(n^{13/21})$.	https://arxiv.org/abs/2505.08634
100	1912.01570	jones_conjecture	Kloks, Lee and Liu	Jones' Conjecture	Every planar graph $G$ satisfies $\mathrm{fvs}(G) \leq 2 \cdot \mathrm{cp}(G)$.	Proves Jones' Conjecture for all subcubic planar multigraphs, i.e., establishes $\mathrm{fvs}(G) \leq 2 \cdot \mathrm{cp}(G)$ when the maximum degree is at most 3.	https://arxiv.org/abs/1912.01570
100	1609.05458	rysers_conjecture	Ryser	Ryser's Conjecture	Every $r$-partite $r$-uniform hypergraph $H$ satisfies $\tau(H) \leq (r-1)\nu(H)$, where $\tau(H)$ denotes the minimum size of a vertex cover and $\nu(H)$ denot	Constructs $r$-partite $r$-uniform intersecting hypergraphs with cover number at least $r-4$ for all sufficiently large $r$, showing that Ryser's Conjecture is close to best possible for every value o	https://arxiv.org/abs/1609.05458
100	2408.04618	the_bermond_thomassen_conjecture	Thomassen	Thomassen Conjecture	Apart from finitely many exceptional graphs, all connected vertex-transitive graphs contain a Hamiltonian cycle.	Shows that every connected vertex-transitive graph on $n\geq 3$ vertices contains a cycle of length at least $\Omega(n^{13/21})$, improving the previous bound of $\Omega(n^{3/5})$ due to DeVos (2023).	https://arxiv.org/abs/2408.04618
100	2505.08634	the_bermond_thomassen_conjecture	Thomassen	Thomassen Conjecture	Every sufficiently large connected vertex-transitive graph admits a Hamiltonian cycle.	Shows that every connected vertex-transitive graph of order $n$ contains a cycle of length $\Omega(n^{9/14})$, improving the previous best bound of $\Omega(n^{13/21})$.	https://arxiv.org/abs/2505.08634
100	2603.14427	the_borodin_kostochka_conjecture	Borodin and Kostochka	Borodin-Kostochka Conjecture	For every graph $G$ such that $\Delta(G)\geq 9$, if $\omega(G)\leq\Delta(G)-1$, then $\chi(G)\leq\Delta(G)-1$.	Proves the conjecture for the stronger correspondence chromatic number $\chi_{DP}$, showing that for every graph $G$ with $\Delta(G)\geq 3\cdot 10^9$, $\chi_{DP}(G)\leq\max(\omega(G),\Delta(G)-1)$.	https://arxiv.org/abs/2603.14427
100	1710.03745	the_erdos_hajnal_conjecture	Erdős and Hajnal	Erdős-Hajnal Conjecture	For every hereditary property $\mathcal{P}$ which is not satisfied by all graphs, there exists a constant $\varepsilon(\mathcal{P}) > 0$ such that every graph o	Proves (Theorem 1.1) that every $n$-vertex graph with VC-dimension at most $d$ contains a clique or an independent set of size at least $e^{(\log n)^{1-o(1)}}$, nearly matching the conjectured polynom	https://arxiv.org/abs/1710.03745
100	1710.06680	the_erdos_hajnal_conjecture	Erdős and Hajnal	Erdős-Hajnal Conjecture	For every graph $H$, there exists $\varepsilon > 0$ such that every graph $G$ not containing $H$ as an induced subgraph has a stable set or clique of cardinalit	Applies the main result (Theorem 1.1, that every $t$-dominating graph has bounded local difference from a $0$-dominating graph) to the Erdős-Hajnal conjecture; the details are in the final section of 	https://arxiv.org/abs/1710.06680
100	1810.00811	the_erdos_hajnal_conjecture	Erdős and Hajnal	Erdős-Hajnal Conjecture	For every graph $H$, there exists $c > 0$ such that every $H$-free graph $G$ satisfies $\max(\omega(G), \alpha(G)) \geq |V(G)|^c$.	Proves that for every caterpillar subdivision $H$ there exists $c > 0$ such that every graph $G$ that is both $H$-free and $\bar{H}$-free satisfies $\max(\omega(G), \alpha(G)) \geq |V(G)|^c$, extendin	https://arxiv.org/abs/1810.00811
100	2102.04994	the_erdos_hajnal_conjecture	Erdős and Hajnal	Erdős-Hajnal Conjecture	For every graph $H$, there exists $\tau > 0$ such that every $H$-free graph $G$ satisfies $\max(\alpha(G), \omega(G)) \geq |G|^\tau$.	Proves the conjecture for $H = C_5$: every $C_5$-free graph $G$ satisfies $\max(\alpha(G), \omega(G)) \geq |G|^\tau$ for some absolute constant $\tau > 0$.	https://arxiv.org/abs/2102.04994
100	2307.06379	the_erdos_hajnal_conjecture	Erdős and Hajnal	Erdős-Hajnal Conjecture	Every graph $H$ has the Erdős-Hajnal property, i.e., there exists $c>0$ such that every $H$-free graph $G$ contains a clique or stable set of cardinality at lea	Proves that $\{H,\overline{J}\}$ has the Erdős-Hajnal property for any two cycles $H,J$, and more generally when $H$ and $J$ are obtained from smaller graphs by subdividing every edge exactly twice (o	https://arxiv.org/abs/2307.06379
100	2403.08303	the_erdos_hajnal_conjecture	Erdős and Hajnal	Erdős-Hajnal Conjecture	For every graph $H$ there is $c_{H}>0$ such that any $n$-vertex $H$-free graph $G$ has $\hom(G)\geq n^{c_{H}}$.	Proves that the Erdős-Hajnal conjecture is equivalent to both the polynomial Rödl conjecture (Conjecture 2) and the polynomial Nikiforov conjecture (Conjecture 3), extending several previous partial e	https://arxiv.org/abs/2403.08303
100	2302.08182	what_is_the_smallest_number_of_disjoint_spanning_trees_made_a_graph_hamiltonian	Dallard, Milanič, and Štorgel	Question 1	Is it true that for every planar graph $H$, Max Independent Set can be solved in polynomial time in the class of graphs excluding $H$ as an induced minor?	Proves a polynomial-time algorithm running in $n^{O(t^{5})}$ for MIS in graphs excluding $K_{1}+tK_{2}$ as an induced minor, settling Question 1 for this infinite family of planar graphs.	https://arxiv.org/abs/2302.08182
100	2502.04177	what_is_the_smallest_number_of_disjoint_spanning_trees_made_a_graph_hamiltonian	Esperet and Raymond	Question 1	Is it true that for every graph class $\mathcal{C}$ with polynomial expansion, there exists a polynomial function $f$ such that for every integer $r\geqslant 0$	Introduces depth-$r$ bramble number, tangle number, linkedness, and well-linkedness, proves they are pairwise polynomially related and all polynomially bounded in $r$ for classes with polynomial expan	https://arxiv.org/abs/2502.04177
92	1609.06257	decomposing_a_connected_graph_into_paths	Gallai	Conjecture 1.1 (Gallai's Path Decomposition Conjecture)	Every connected graph on $n$ vertices can be decomposed into $\lceil \frac{n}{2} \rceil$ paths.	Proves Gallai's conjecture for all connected graphs $G$ with $\Delta(G) \leq 5$, by showing that any smallest counterexample cannot contain any of five reducible configurations, forcing $G_E$ to be a 	https://arxiv.org/abs/1609.06257
92	2110.08870	decomposing_a_connected_graph_into_paths	Gallai	Gallai's Conjecture	Every connected graph on $n$ vertices can be decomposed into $\lceil \frac{n}{2} \rceil$ paths.	Proves Gallai's conjecture for the entire class of planar graphs (Theorem 1.1): every connected planar graph on $n$ vertices can be decomposed into $\lceil n/2 \rceil$ paths.	https://arxiv.org/abs/2110.08870
91	1708.05424	3_decomposition_conjecture	authors of [12]	Conjecture 4	A monotone class of graphs $\mathcal{C}$ has bounded expansion if and only if for every fixed $h \geq 1$, posets of height at most $h$ whose cover graphs are in	Reproves the forward direction (bounded expansion implies $O(n^\varepsilon)$-dimension for fixed height) via weak coloring numbers with a simpler proof and quantitatively better bounds (Theorem 2); ex	https://arxiv.org/abs/1708.05424
91	1803.03704	3_decomposition_conjecture	authors of [4]	Conjecture 3	There is a function $f$ such that, for any fixed tree $T$ with maximum degree $\Delta_T$, every $f(\Delta_T)$-edge-connected graph with minimum degree at least 	The paper disproves Conjecture 3 for trees of maximum degree three by constructing a counterexample based on complete binary trees $T_k$ of arbitrary depth $k$, showing that no function $f$ can make t	https://arxiv.org/abs/1803.03704
91	2012.05554	3_decomposition_conjecture	Ossona de Mendez et al.	Conjecture 3	For every graph $H$, $\chi_{\Delta}(\mathcal{M}_H) = \mathrm{td}(H) - 1$.	Proves Conjecture 3 for all minor-closed classes with bounded treedepth by establishing $\chi_{\Delta}(\mathcal{G}) = \chi^\star(\mathcal{G}) = \mathrm{tcn}(\mathcal{G}) - 1$ in that setting (Theorem 	https://arxiv.org/abs/2012.05554
91	2012.05554	3_decomposition_conjecture	Norin et al.	Conjecture 4	For every graph $H$, $\chi^\star(\mathcal{M}_H) \leq 2\,\mathrm{td}(H) - 2$.	Proves Conjecture 4 for all minor-closed classes with bounded pathwidth by establishing $\chi^\star(\mathcal{G}) \leq 2\,\mathrm{tcn}(\mathcal{G}) - 2$ in that setting (Theorem 2), and shows this boun	https://arxiv.org/abs/2012.05554
91	2202.07746	3_decomposition_conjecture	Halasz, Masarik, Samal, Campion Loth, and Mohar	Conjecture 1	For every simple graph of order $n$, the expected number of faces when selecting an orientable embedding of $G$ uniformly at random is $O(n)$.	Proved as a corollary of Theorem 3, which establishes $E[F] \leq n(H_{2\mu}+1)$; for simple graphs this specialises to the linear bound, further sharpened to $E[F] \leq \frac{\pi^2}{6}n$ by Theorem 8.	https://arxiv.org/abs/2202.07746
91	2202.07746	3_decomposition_conjecture	Halasz, Masarik, Samal, Campion Loth, and Mohar	Conjecture 2	For every $n$-vertex multigraph $G$ with maximum edge-multiplicity $\mu \geq 2$, the expected number of faces when selecting an orientable embedding of $G$ unif	Proved as a corollary of Theorem 3: $E[F] \leq n(H_{2\mu}+1)$, and since $H_{2\mu} \sim \log(2\mu)+\gamma$, this gives $O(n\log\mu)$; the bound is tight up to a constant factor.	https://arxiv.org/abs/2202.07746
91	2204.00722	3_decomposition_conjecture	[28] (unresolved from provided text)	Conjecture 2	For every hereditary class $C$ of structures, FO model checking is FPT on $C$ if and only if $C$ is monadically dependent.	Proves Conjecture 2 for all hereditary subclasses of interval graphs and rooted directed path graphs by establishing that these classes are effectively delineated by twin-width; also shows Conjecture 	https://arxiv.org/abs/2204.00722
91	2301.08707	3_decomposition_conjecture	Balogh, Csaba, Martin, and Pluhár; Falgas-Ravry, Kittipassorn, Korándi, Letzter, and Narayanan	Conjecture 1	Every graph on $n$ vertices admits a strongly-separating path system of size $O(n)$.	Confirms the conjecture by proving that every graph on $n$ vertices admits a strongly-separating path system of size $19n$.	https://arxiv.org/abs/2301.08707
91	2012.05287	what_is_the_smallest_number_of_disjoint_spanning_trees_made_a_graph_hamiltonian	authors of [4]	Question 1.1	Does every non-null even-hole-free claw-free graph have a simplicial clique?	Answers the question affirmatively: proves that every non-null even-hole-free claw-free graph has a simplicial clique, and establishes the stronger result (Theorem 2.2) that every non-null clean graph	https://arxiv.org/abs/2012.05287
91	2206.12335	what_is_the_smallest_number_of_disjoint_spanning_trees_made_a_graph_hamiltonian	Balister and Bollobás	Question 1.1	What is the value of $p_{\mathrm{max}}(\Z^{2})$?	Obtains improved upper and lower bounds: $0.555197\dots \leq p_{\mathrm{max}}(\Z^{2}) \leq 0.8457$.	https://arxiv.org/abs/2206.12335
91	2206.12335	what_is_the_smallest_number_of_disjoint_spanning_trees_made_a_graph_hamiltonian	Balister and Bollobás	Question 1.2	What is the value of $\lim_{n\to\infty}p_{\mathrm{max}}(\Z^{n})$?	Significantly improves the best known upper bound, establishing $\lim_{n\to\infty}p_{\mathrm{max}}(\Z^{n})\leq 0.5847$.	https://arxiv.org/abs/2206.12335
90	2002.11100	list_hadwiger_conjecture	Hadwiger	Hadwiger's Conjecture	Every graph of chromatic number at least $r$ has $K_r$ as a minor.	Proves that any $K_s$-free $n$-vertex graph with $\alpha(G) \leq r$ has a clique minor of order at least $(n/r)^{1+\frac{1}{10(s-2)}}$ (Theorem 1), which substantially exceeds the bound $n/\alpha(G)$ 	https://arxiv.org/abs/2002.11100
90	2101.04590	list_hadwiger_conjecture	Hadwiger	Hadwiger's Conjecture	For every $t \geq 1$, $m_\chi(t) = t$, i.e., every graph with chromatic number at least $t$ contains a $K_t$-minor.	Proves $\mathrm{sm}_{\tilde{\chi}}(t) \leq 2m_\chi(t) - 1$ and $\mathrm{bm}_{\tilde{\chi}}(t) \leq 2m_\chi(2t) - 1 = O(t(\log\log t)^6)$, reducing the asymptotics of these dichromatic forcing function	https://arxiv.org/abs/2101.04590
90	2206.00186	list_hadwiger_conjecture	Hadwiger	Hadwiger's Conjecture	Every graph with chromatic number at least $t$ contains the complete graph $K_t$ on $t$ vertices as a minor.	Proves that every graph $G$ with $\alpha(G) \leq 2$ contains a minor $H$ with $|V(H)| = \lceil|V(G)|/2\rceil$ and at least $(\gamma - o(1))\binom{|V(H)|}{2}$ edges where $\gamma = 0.986882\ldots$, est	https://arxiv.org/abs/2206.00186
90	2209.00594	list_hadwiger_conjecture	Hadwiger	Hadwiger's Conjecture	For every integer $t \geq 1$, every graph $G$ with $\chi(G) = t$ contains a $K_t$-minor.	Proves the $t = 5$ case as a corollary (Corollary 1.4) of establishing Holroyd's Strong Hadwiger's conjecture for $t = 4$; additionally shows that every 5-chromatic graph contains a $K_5$-minor with a	https://arxiv.org/abs/2209.00594
90	2312.17130	list_hadwiger_conjecture	Hadwiger	Hadwiger's Conjecture	Let $t$ be a positive integer. Every graph $G$ satisfying $\chi(G)\geq t$ contains $K_{t}$ as a minor.	Proves that if the Dol'nikov-Kříž topological lower bound on the chromatic number of a graph $G$ attains a value of at least $t$, then $G$ contains $K_{t}$ as a minor, showing that this family of lowe	https://arxiv.org/abs/2312.17130
90	1808.01605	subgraph_of_large_average_degree_and_large_average_degree	Thomassen	Thomassen's Conjecture (Conjecture 5)	For every positive integers $k$ and $g \geq 3$, there exists a positive number $d(k,g)$ such that every graph with average degree at least $d(k,g)$ contains a s	The paper does not prove this conjecture; it introduces Conjecture 6 as a weakening (replacing average degree in the hypothesis by chromatic number) that combines this conjecture with the Erdős–Hajnal	https://arxiv.org/abs/1808.01605
90	2510.11311	the_bermond_thomassen_conjecture	Thomassen	Thomassen's Conjecture	For all numbers $k$ and $g$ there exists $d=d(k,g)$ such that every graph of minimum degree at least $d$ contains a subgraph of minimum degree at least $k$ and 	Shows that the most direct extension of Thomassen's conjecture to digraphs (using minimum out-degree) is false; proves all orientations of $C_3$ and $C_5$ are avoidable; and fully characterizes which 	https://arxiv.org/abs/2510.11311
88	1812.02420	a_homomorphism_problem_for_flows	Hochstättler and Steiner	Problem 1	Let $p\geq 1$ be a fixed rational number. Instance: A (multi-)digraph $D$. Decide whether $\vec{\chi}^{\ast}(D)\leq p$.	Proves NP-completeness for every fixed rational $p>1$, fully resolving the open problem.	https://arxiv.org/abs/1812.02420
88	2312.17130	a_homomorphism_problem_for_flows	Simonyi and Zsbán	Problem 1	Does there exist an absolute constant $c>0$ for which the following is true? If a graph $G$ satisfies $\mathrm{zig}(G)\geq t$, then $G$ contains an odd complete	Solves the problem in the affirmative, proving that the constant $c=\frac{1}{2}$ works: every graph $G$ with $\mathrm{zig}(G)\geq t$ contains $K_{\lfloor t/2\rfloor+1}$ as an odd-minor.	https://arxiv.org/abs/2312.17130
88	1807.06285	coloring_random_subgraphs	Boris Bukh	Problem 1 (Bukh)	Does there exist a constant $c$ so that for every graph $G$, the expected chromatic number of its random subgraphs satisfies: $$E(\chi(G_{1/2})) > c\,\frac{\chi	Proves an affirmative answer to a strengthening of Bukh's question for the fractional chromatic number: for every graph $G$ with $\chi_f(G) \geq t$, the fractional chromatic number of $G_p$ is at leas	https://arxiv.org/abs/1807.06285
87	1808.01605	coloring_random_subgraphs	Bukh	Problem 1 (Bukh)	Does there exist a constant $c$ so that for every graph $G$, $\mathbb{E}(\chi(G_{1/2})) > c\,\dfrac{\chi(G)}{\log \chi(G)}$?	The methods developed in this paper led to a solution of the fractional chromatic number version of this problem, established in the companion paper [11] (Mohar–Wu).	https://arxiv.org/abs/1808.01605
87	2012.03686	graphs_with_a_forbidden_induced_tree_are_chi_bounded	Gyárfás and Sumner	Conjecture 1 (Gyárfás–Sumner)	For every tree $H$, the class of $H$-free graphs is $\chi$-bounded.	Proves a biclique-exclusion relaxation: every $C_{\geq t}$-free graph containing no $K_{\ell,\ell}$ as a subgraph satisfies $\chi(G) \leq \ell^{f(t)}+1$, giving a polynomial bound in $\ell$ under the 	https://arxiv.org/abs/2012.03686
87	2007.14944	strong_edge_colouring_conjecture	various researchers (1970s–1980s)	List (Edge) Colouring Conjecture	If $G$ is a graph, then $\chi'_{\ell}(G) = \chi'(G)$.	Proves a local asymptotic version: for graphs with sufficiently large maximum degree $\Delta$ and minimum degree $\delta \geq \ln^{25} \Delta$, there is an $L$-edge-colouring whenever $|L(e)| \geq (1+	https://arxiv.org/abs/2007.14944
86	2502.01451	3_flow_conjecture	Tutte	3-Flow Conjecture (Tutte)	Every 4-edge-connected graph admits a nowhere-zero 3-flow.	Proves a density bound $|E(G)| \leq 3|V(G)| - 5$ for flow-critical graphs with at most one vertex of degree at least 7 (Theorem 1.6), and extends the Lovász et al. 6-edge-connectivity theorem to allow	https://arxiv.org/abs/2502.01451
86	2212.09971	behzads_conjecture	Gross, Robbins, and Tucker	LCGD Conjecture	For every graph $G$, the genus polynomial $\Gamma_G(x) = \sum_{k \geq 0} g_k(G)x^k$ is log-concave.	Identifies six cubic graphs (including generalized Petersen graphs $G(8,2)$, $G(10,2)$, $G(12,2)$, and three others) whose genus polynomials are log-concave overall yet possess quadratic real factors 	https://arxiv.org/abs/2212.09971
86	2009.03418	kriesells_conjecture	Anthony Hill (Harary and Hill)	Hill Conjecture	The minimum number of crossings in any drawing of the complete graph $K_n$ in the plane is $$H(n) = \frac{1}{4} \left\lfloor \frac{n}{2} \right\rfloor \left\lfl	Provides the first very general construction of drawings of $K_n$ attaining exactly $H(n)$ crossings via antipodal geodesic drawings on the unit sphere $S^2$, gives a 'book proof' that each such drawi	https://arxiv.org/abs/2009.03418
86	1110.4077	strong_edge_colouring_conjecture	unknown (discussed in references [1, 5, 18] of the paper)	List Edge Colouring Conjecture	$\chi'(G) = \mathrm{ch}'(G)$ for any graph $G$.	Proves a special case as Theorem 2.8: for any graph $G$ of treewidth at most $k$ with $\Delta(G) \geq (k+2)^{2k+2}$, $\mathrm{ch}'(G) = \chi'(G) = \Delta(G)$.	https://arxiv.org/abs/1110.4077
86	1110.4077	vertex_coloring_of_graph_fractional_powers	Vizing	Vizing's List Edge Chromatic Number Conjecture (1976)	$\mathrm{ch}'(G) \leq \Delta(G) + 1$ for any graph $G$.	Proves the stronger result $\mathrm{ch}'(G) = \Delta(G)$ for graphs of treewidth at most $k$ with $\Delta(G) \geq (k+2)^{2k+2}$, which implies the conjecture for this graph class.	https://arxiv.org/abs/1110.4077
85	2103.07886	3_decomposition_conjecture	Aboulker, Charbit, and Naserasr	Conjecture 3.1	Let $H$ be a hero and let $F$ be an oriented forest. The set $\{\overleftrightarrow{K_2}, H, F\}$ is heroic if and only if: either $F$ is the disjoint union of 	Proves the first open special case $F = S_2^+$, $H = C_3$: every locally out-transitive oriented graph has dichromatic number at most 2 (Theorem 3.2), and in fact proves the stronger Theorem 3.3 used 	https://arxiv.org/abs/2103.07886
85	2309.04390	3_decomposition_conjecture	Sintiari and Trotignon	Conjecture 1.3	Every (even hole, $K_{4}$)-free graph of large enough treewidth contains the diamond.	Proves Conjecture 1.3 in full; more precisely, proves two stronger results: (a) for every $K_4$-free chordal graph $H$, every (even hole, $K_4$)-free graph of sufficiently large treewidth contains an 	https://arxiv.org/abs/2309.04390
85	2402.05753	3_decomposition_conjecture	authors of refs [24, 26]	Conjecture 1.3	Let $S$ be a graph of genus $g$. Then $c(S) = O(\sqrt{g})$.	No direct proof of Conjecture 1.3 for graphs; however, because Conjecture 1.5 (for geodesic surfaces) implies Conjecture 1.3, and this paper settles Conjecture 1.5 for constant-curvature (hyperbolic) 	https://arxiv.org/abs/2402.05753
85	2605.01223	3_decomposition_conjecture	Dallard, Krnc, Kwon, Milanič, Munaro, Štorgel, and Wiederrecht	Conjecture 1.3	Let $\mathcal{F}$ be a finite class of graphs. Then the class of all $\mathcal{F}$-free graphs has bounded $\operatorname{{\text{\sf{tree}}-\alpha}}$ if (and on	Proved by this paper via Theorem 1.4, which establishes a stronger result replacing 'line graph of a subdivided multiclaw' with 'line graphs of all subdivisions of some wall'.	https://arxiv.org/abs/2605.01223
85	2405.16586	4_flow_conjecture	Tutte	Tutte 4-Flow Conjecture (Conjecture 1)	Every 2-connected graph with no Petersen graph minor admits a nowhere-zero 4-flow.	Proves a strengthening of the conjecture for the projective plane: a 2-connected graph embedded in the projective plane admits a nowhere-zero 4-flow if and only if it is not Petersen-like (Theorem 1.6	https://arxiv.org/abs/2405.16586
85	1705.00089	bene_conjecture_graph_theoretic_form_0	Wegner	Wegner's Conjecture	For every finite family $\mathcal{F}$ of axis-parallel rectangles in $\mathbb{R}^2$, $\tau(\mathcal{F}) \leq 2\nu(\mathcal{F})$.	Proves $\tau(\mathcal{F}) \leq c\nu(\mathcal{F})$ for special families of axis-parallel rectangles in $\mathbb{R}^2$ (e.g., $r$-bounded aspect ratio in Theorem 1.10, corner intersections with a maximu	https://arxiv.org/abs/1705.00089
85	1912.06957	hedetniemis_conjecture	Meyniel (communicated by Frankl)	Meyniel's Conjecture	For a connected graph $G$, if $n = |V(G)|$, then $c(G) = O(\sqrt{n})$.	Proves that Meyniel's conjecture for subcubic graphs implies the Weak Meyniel's Conjecture with exponent 3/4 for all graphs (Lemma 7 and Corollary 8); also constructs arbitrarily large subcubic graphs	https://arxiv.org/abs/1912.06957
85	1912.07203	hedetniemis_conjecture	Meyniel	Meyniel's Conjecture	The cop number of any connected graph on $n$ vertices can be bounded by $O(\sqrt{n})$.	Proves improved cop number upper bounds for graphs of bounded diameter: $c(G) < n^{3/5+o(1)}$ when the diameter is at most 4 (improving the prior bound of $n^{2/3+o(1)}$) and $c(G) < n^{3/7+o(1)}$ whe	https://arxiv.org/abs/1912.07203
85	2005.10849	hedetniemis_conjecture	Henri Meyniel	Meyniel's Conjecture	For every connected graph $G$ of order $n$, $c(G) \leq O(\sqrt{n})$.	Proves that the 'weak' Meyniel's conjecture holds for expander graph families of bounded degree.	https://arxiv.org/abs/2005.10849
85	2602.07435	hedetniemis_conjecture	Meyniel	Meyniel's Conjecture	$\operatorname{cop}(G)=\mathcal{O}(\sqrt{n})$ for every $n$-vertex connected graph $G$.	Proves that every connected graph with vertex cover number $k$ has cop number at most $k/2^{(1-o(1))\sqrt{\log k}}$, giving the first sublinear upper bound on the cop number in terms of the vertex cov	https://arxiv.org/abs/2602.07435
85	1808.01605	subgraph_of_large_average_degree_and_large_average_degree	Erdős and Hajnal	Erdős–Hajnal Conjecture (Conjecture 1)	For every positive integers $k$ and $g$, there exists an integer $h(k,g)$ such that every graph $G$ with $\chi(G) \geq h(k,g)$ contains a subgraph with chromati	Proves the fractional chromatic number analogue of Rödl's $g=4$ case (Theorem 3): for every real $x \geq 1$ there exists $k(x)$ such that every graph $G$ with $\chi_f(G) \geq k(x)$ contains a triangle	https://arxiv.org/abs/1808.01605
84	2008.09692	bouchets_6_flow_conjecture	Tutte	Tutte's 3-Flow Conjecture	Every 4-edge-connected graph admits a nowhere-zero 3-flow.	Shows that the authors' Conjecture 11 (on universal cell 3-colorability without $K^+_{3,n-3}$ subcontractions) implies Tutte's 3-Flow Conjecture; establishes Conjecture 11 for subcubic and $K_{3,3}$-m	https://arxiv.org/abs/2008.09692
84	1603.00197	the_bermond_thomassen_conjecture	Barát and Thomassen	Barát-Thomassen Conjecture	For any tree $T$ on $m$ edges, there exists an integer $k_T$ such that every $k_T$-edge-connected graph with size divisible by $m$ has a $T$-decomposition.	Proves the full statement of the conjecture for every tree $T$, completely settling it in the affirmative.	https://arxiv.org/abs/1603.00197
83	2602.11990	barnettes_conjecture	Scott	Scott's Conjecture	For every graph $H$, the class of graphs which do not contain any subdivision of $H$ as an induced subgraph is $\chi$-bounded.	Proves the conjecture holds when $H = P_{a,b}$, i.e., the complete bipartite graph $K_{a,b+2}$ together with an additional vertex adjacent to exactly two vertices on the larger side of the bipartition	https://arxiv.org/abs/2602.11990
83	1806.00825	caccetta_haggkvist_conjecture	Caccetta and Häggkvist	Caccetta-Häggkvist Conjecture (Conjecture 1)	For all positive integers $n$, $r$, every simple $n$-vertex digraph with minimum outdegree at least $r$ contains a directed cycle of length at most $\lceil n/r 	Proves the $r=2$ case of Aharoni's rainbow strengthening of this conjecture (Theorem 5), which implies the $r=2$ case of Caccetta-Häggkvist. Also introduces Conjecture 4, a weaker rainbow properly-col	https://arxiv.org/abs/1806.00825
83	1710.11281	chromatic_number_of_frac_3_3_power_of_graph	Schroeder	Schroeder's Conjecture (Conjecture 2)	Let $G$ be a graph of genus $g$. Then $c(G) \leq g + 3$.	Establishes the lower bound $c(g) \geq g^{1/2 - o(1)}$ using random-graph results of Bollobás, Kun, and Leader, and proposes the stronger Conjecture 8 that $c(g) = g^{1/2+o(1)}$, suggesting Schroeder'	https://arxiv.org/abs/1710.11281
83	1510.06964	grahams_conjecture_on_tree_reconstruction	Mohar	Mohar's Conjecture	For $k \geq 3$, all $k$-colourings of a $k$-regular graph that is not complete are Kempe equivalent.	Proves the conjecture for all $k \geq 4$: if $G$ is a connected non-complete $k$-regular graph with $k \geq 4$, then the set of $k$-colourings of $G$ is a Kempe class (Theorem 1.1).	https://arxiv.org/abs/1510.06964
83	1802.02283	grahams_conjecture_on_tree_reconstruction	Huang	Huang's Conjecture	The 4-precoloring extension problem can be solved in polynomial time for the class of $P_6$-free graphs.	This paper (the second in a two-paper series) gives a polynomial-time algorithm that converts any 4-precoloring of a $P_6$-free graph into a polynomial-size collection of excellent starred precoloring	https://arxiv.org/abs/1802.02283
83	2112.02313	grahams_conjecture_on_tree_reconstruction	Mohar	Mohar's Conjecture	All the $k$-colorings of a graph are Kempe equivalent for $k > \Delta$.	Proves that all $k$-colorings of an $n$-vertex graph $G$ with maximum degree at most $\Delta \leq k$ are equivalent up to $O(n^2)$ Kempe changes (Theorem 0.1), with the sole exception being $k = 3$ an	https://arxiv.org/abs/2112.02313
83	2202.11641	uniquely_hamiltonian_graphs	Barnette	Barnette's Conjecture (Conjecture 1.1)	All graphs in $\mathcal{B}$ are Hamiltonian.	Provides a matching-theoretic translation showing that Conjecture 1.1 holds if and only if all cubic, 3-connected, Pfaffian, bipartite graphs are Hamiltonian (Theorem 1.3), and reduces the conjecture 	https://arxiv.org/abs/2202.11641
82	2105.09871	adams_conjecture	Tuza	Tuza's Conjecture	For any graph $G$ it holds $\tau(G)\leq 2\mu(G)$.	Proves Tuza's Conjecture for threshold graphs (graphs that are both split graphs and cographs) and for even balanced co-chain graphs (co-chain graphs where both sides have the same size divisible by 4	https://arxiv.org/abs/2105.09871
82	2301.13175	adams_conjecture	Sivaraman	Sivaraman's Conjecture	Two cops can win on connected $P_5$-free graphs; more generally, the cop number of connected $P_t$-free graphs is at most $t-3$ for $t \geq 5$.	Proves the conjecture in full for $t = 5$: every connected $P_5$-free graph has cop number at most two.	https://arxiv.org/abs/2301.13175
82	2406.01068	adams_conjecture	Yang	Yang's Conjecture	For any planar graph $G$, $c_2(G) \leq 3$.	Proves that $c_2(G) \leq 3$ for every planar graph $G$, confirming Yang's conjecture and simultaneously strengthening the classical theorem of Aigner and Fromme that $c(G) \leq 3$ for planar graphs.	https://arxiv.org/abs/2406.01068
82	2407.18346	adams_conjecture	Sadhukhan	Sadhukhan's Conjecture	There are graphs with large girth that do not admit KT orientations.	Settles the conjecture affirmatively by constructing explicit graphs of arbitrarily large girth that admit no KT orientation.	https://arxiv.org/abs/2407.18346
82	2004.07457	list_chromatic_number_and_maximum_degree_of_bipartite_graphs	Krivelevich and Alon	Conjecture 2 (Krivelevich–Alon)	There is some absolute constant $C > 0$ such that any bipartite graph of maximum degree at most $\Delta$ is $k$-choosable if $k \geq C \log \Delta$.	Proves Corollary 10: for any $\varepsilon > 0$ and $\Delta$ large enough, every bipartite graph with maximum degree at most $\Delta$ is $((1+\varepsilon)\Delta/\log^4\Delta,\,2)$- and $((1+\varepsilon	https://arxiv.org/abs/2004.07457
82	2201.09115	woodalls_conjecture	Woodall	Woodall's Conjecture C(r,s,ch)	For every $s, t \in \mathbb{N}$, if $G$ is a graph with $G \not\succeq K_{s,t}$, then $\chi_{\ell}(G) \leq s + t - 1$.	Disproves the conjecture in a strong form: for every $\varepsilon > 0$ and $C \geq 1$ there exists $N = N(\varepsilon, C)$ such that for all integers $s, t$ with $N \leq s \leq t \leq Cs$, there exist	https://arxiv.org/abs/2201.09115
81	1809.08324	caccetta_haggkvist_conjecture	Caccetta and Häggkvist	Caccetta-Häggkvist Conjecture (Conjecture 1.1)	For every integer $k \geq 1$, and all $n > 0$, every $n$-vertex digraph in which every vertex has out-degree at least $n/k$ has girth at most $k$.	Shows that the Caccetta-Häggkvist conjecture implies the bipartite analogue Conjecture 1.2; uses CH-approximations to prove 1.2 for $k = 1, 2, 3, 4, 6$, and all $k \geq 224{,}539$.	https://arxiv.org/abs/1809.08324
81	1712.06067	jones_conjecture	Tomescu	Tomescu's Conjecture	For every connected graph $G$ on $n$ vertices with chromatic number $k \geq 4$, $$P_G(k) \leq k!(k-1)^{n-k},$$ with equality if and only if the 2-core of $G$ is	Proves the full conjecture for all $k \geq 4$ and establishes the equality characterisation, completing the proof after Knox and Mohar had previously settled the cases $k=4$ and $k=5$.	https://arxiv.org/abs/1712.06067
81	2312.17130	list_hadwiger_conjecture	Gerards and Seymour	Odd Hadwiger's Conjecture	Let $t$ be a positive integer. Every graph $G$ satisfying $\chi(G)\geq t$ contains $K_{t}$ as an odd-minor.	Proves the conjecture for all Schrijver graphs and Kneser graphs for any choice of parameters; also proves that every graph $G$ with $\mathrm{zig}(G)\geq t$ contains $K_{\lfloor t/2\rfloor+1}$ as an o	https://arxiv.org/abs/2312.17130
81	1703.08123	monochromatoc_reachability_in_arc_colored_digraphs	Sands, Sauer, and Woodrow	Conjecture 3 (General Sands-Sauer-Woodrow Conjecture)	For every $k$, there exists an integer $f(k)$ such that if $D$ is a multidigraph whose arcs are the union of $k$ quasi-orders, then $D$ has a dominating set whi	Proves the conjecture for the special case of digraphs with bounded stability number, using the fact that the fractional domination of vertices by stable sets is at most 2 when the stability number is	https://arxiv.org/abs/1703.08123
81	2012.03686	the_erdos_hajnal_conjecture	Erdős and Hajnal	Conjecture 8 (Erdős–Hajnal)	For every graph $H$, there exists $\varepsilon_H > 0$ such that every $H$-free graph contains an independent set of size at least $n^{\varepsilon_H}$ or a cliqu	Presents Theorem 4 (degeneracy of $C_{\geq t}$-free graphs excluding $K_{\ell,\ell}$) as the $C_{\geq t}$-free analogue of the Fox–Sudakov biclique version of the conjecture, drawing an explicit struc	https://arxiv.org/abs/2012.03686
80	1812.02420	3_decomposition_conjecture	Hochstättler and Steiner	Conjecture 5.39	Any planar digraph $D$ of directed girth at least $k\geq 3$ admits a circular homomorphism to $\vec{C}_{k-1}$. In other words, $\vec{\chi}^{\ast}(D)\leq\frac{k-	Introduces the notion of circular homomorphisms between digraphs as the natural framework in which this conjecture is formulated, and develops the theory of circular $F$-colourability (Section 2) that	https://arxiv.org/abs/1812.02420
80	1708.09579	4_flow_conjecture	Tutte	Tutte's Flow Conjectures (Conjecture 1.2)	\begin{itemize} \item Every 4-edge-connected graph has a nowhere-zero 3-flow. \item Every 2-edge-connected graph with no Petersen minor has a nowhere-zero 4-flo	Proves counting analogues in related settings: at least $2^{n/7}$ nowhere-zero $Z_2\times Z_3$-flows in 3-edge-connected graphs ($2^{2(m-n)/9}$ for 2-edge-connected), at least $2^{n/250}$ nowhere-zero	https://arxiv.org/abs/1708.09579
80	2006.09877	double_critical_graph_conjecture	Kannan, Naor, and Rudich	Implicit Graph Conjecture	Every factorial hereditary class (i.e., hereditary class with growth $n!^{O(1)}$) admits an $O(\log n)$-adjacency labeling scheme.	Proves that every graph class of bounded twin-width admits an $O(\log n)$-adjacency labeling scheme, confirming the implicit graph conjecture for all bounded twin-width hereditary classes.	https://arxiv.org/abs/2006.09877
80	2202.10412	graphs_with_a_forbidden_induced_tree_are_chi_bounded	Gyárfás and Sumner	Gyárfás-Sumner Conjecture	For every forest $H$, the class of $H$-free graphs is $\chi$-bounded.	Proves that if $H$ is a good forest then the disjoint union of $H$ and $P_4$ is also good (polynomially $\chi$-bounded), in particular showing that $2P_4$-free graphs satisfy $\chi(G) \leq \omega(G)^{	https://arxiv.org/abs/2202.10412
80	1010.2472	rysers_conjecture	Steinberg	Steinberg's Conjecture	Every planar graph without 4- and 5-cycles is 3-colorable.	The paper does not make direct progress on Steinberg's Conjecture; it is cited only as a related open problem in the context of planar graph 3-colorability.	https://arxiv.org/abs/1010.2472
80	1709.09050	rysers_conjecture	Schroeder	Schroeder's Conjecture	If $G$ is a graph of genus $g$, then $c(G) \leq g + 3$.	This survey reviews all progress toward Schroeder's conjecture, including the upper bounds $c(G) \leq \lfloor 3g/2 \rfloor + 3$ (Schroeder) and the improvement $c(G) \leq \lfloor 4g/3 \rfloor + D$ (Bo	https://arxiv.org/abs/1709.09050
79	2505.07002	4_flow_conjecture	Tutte	Tutte 4-Flow Conjecture (Conjecture 1)	Every 2-connected graph without a Petersen graph minor admits a nowhere-zero 4-flow.	Proves that every 2-edge-connected graph embedded in the torus admits a nowhere-zero 4-flow unless it is Petersen-like (in which case it provably does not); this vastly strengthens the Tutte 4-Flow Co	https://arxiv.org/abs/2505.07002
79	2111.07147	bounding_the_chromatic_number_of_triangle_free_graphs_with_fixed_maximum_degree	Esperet and Joret	Question 3 (Esperet and Joret)	Consider a surface $\Sigma$ and a positive integer $\Delta$. Is it true that the class of triangle-free graphs of maximum degree $\Delta$ than can be drawn on $	Theorem 5(ii) answers this question positively, showing that the class of triangle-free graphs drawn on any fixed surface has weak diameter choosability at most two (which implies clustered choosabili	https://arxiv.org/abs/2111.07147
79	2604.13700	caccetta_haggkvist_conjecture	Caccetta and Häggkvist	Conjecture 1 (Caccetta-Häggkvist Conjecture)	Let $r,g\in\mathbb{N}$. Every digraph $D$ with minimum out-degree $\delta^{+}(D)\geq r$ and girth at least $g$ contains at least $r(g-1)+1$ vertices.	The paper proves Mader's Conjecture 4 that $\lim_{r\to\infty}c_r=\infty$ in a strong linear form, a result motivated by attempts to bound $c(D)$ as a route toward this conjecture.	https://arxiv.org/abs/2604.13700
79	2107.05995	colouring_the_square_of_a_planar_graph	Bosek, Dudek, Farnik, Grytczuk, and Mazur	Conjecture on Planar Hat Guessing Number (Bosek et al. [4])	The maximum possible hat guessing number of a planar graph is $4$.	Disproves the conjecture by constructing a planar graph $G$ with $\mathrm{HG}(G) = 12$.	https://arxiv.org/abs/2107.05995
79	2409.01513	list_chromatic_number_and_maximum_degree_of_bipartite_graphs	Alon and Krivelevich	Conjecture 1.1 (Alon–Krivelevich)	If $G$ is a bipartite graph of maximum degree $\Delta$, then $\operatorname{ch}(G)=O(\log\Delta)$.	Proves that every bipartite graph $G$ of sufficiently large maximum degree $\Delta$ satisfies $\operatorname{ch}(G)<(\frac{4}{5}-\varepsilon)\frac{\Delta}{\log\Delta}$ for $\varepsilon=10^{-3}$, givin	https://arxiv.org/abs/2409.01513
78	1611.03648	3_decomposition_conjecture	Barát, Gyárfás and Sárkőzy	Conjecture 1.5	For $n$ even any $2n$ matchings of size $n$ in any graph have a rainbow matching of size $n$, and for $n$ odd any $2n-1$ matchings of size $n$ have a rainbow ma	Proves the weaker bound that any $3n-2$ matchings of size $n$ in any graph have a rainbow matching of size $n$ (Theorem 1.9).	https://arxiv.org/abs/1611.03648
78	1704.07219	3_decomposition_conjecture	unknown (reference [8] in the paper)	Conjecture 1.1	For every digraph $H$, there is $\varepsilon > 0$ such that if $D$ is an $H$-free digraph, then $\chi(D) \leq |V(D)|^{1-\varepsilon}$.	Not directly proved; mentioned as primary motivation. The paper's results (Theorem 1.3 and Theorem 1.7) are partial steps toward understanding this conjecture in the dense digraph setting.	https://arxiv.org/abs/1704.07219
78	1905.12749	3_decomposition_conjecture	Fox, Kwan, and Sauermann	Conjecture 1.1	Fix $p \in (0,1)$ and fix a graph $H$ with no isolated vertices. Then $$\max_{x \in \mathbb{N}} \Pr(X_H = x) = O\!\left(n^{1-v(H)}\right),$$ where $v(H)$ is the	Proves Theorem 1.2, an approximate version: $\max_{x \in \mathbb{Z}} \Pr(X_H = x) = n^{1-v(H)+o(1)}$ for every connected graph $H$ and fixed $p \in (0,1)$, matching the conjectured bound up to the $o(	https://arxiv.org/abs/1905.12749
78	2003.01846	3_decomposition_conjecture	unknown (cited as [8])	Conjecture 1.1	A graph is strongly perfect if and only if it contains no odd holes, no antiholes of length at least six, and none of the Graphs I, II, III, IV, V shown in Figu	Provides several new infinite families of minimal non-strongly-perfect graphs (emanations and mutations of Graphs II–VI) that are not among Graphs I–V of the conjecture, demonstrating that the forbidd	https://arxiv.org/abs/2003.01846
78	2005.05042	3_decomposition_conjecture	authors of [7]	Conjecture 1.1	There is a polynomial $P$ such that every graph $G$ that contains no theta, pyramid, prism, or turtle has at most $P(|V(G)|)$ minimal separators.	Proves Conjecture 1.1 in full, establishing as Theorem 1.2 that every (theta, pyramid, prism, turtle)-free graph $G$ has at most $|V(G)|^{18}$ minimal separators, constructible in polynomial time.	https://arxiv.org/abs/2005.05042
78	2011.08049	3_decomposition_conjecture	Mohar	Conjecture 1.1	Approximating the genus of cubic graphs is APX-hard.	States the conjecture as background motivation for focusing on the dense-graph regime; the paper does not prove or disprove it.	https://arxiv.org/abs/2011.08049
78	2103.04191	3_decomposition_conjecture	Aboulker, Charbit, and Naserasr	Conjecture 1.4	For every orientation of a star forest $F$ and every hero $H$ the oriented graphs excluding $F$ and $H$ as induced subdigraphs have bounded dichromatic number.	Proves special cases: Theorem 1 proves it for $F \in \{S_2^+, S_2^-\}$ and $H = \vec{C}_3$ (resolving Conjecture 1.7); Theorem 3 proves it for $F = S_2^+$ and $H = W_3^-$; Theorem 4 shows the property	https://arxiv.org/abs/2103.04191
78	2103.04191	3_decomposition_conjecture	Aboulker, Charbit, and Naserasr	Conjecture 1.5	For every orientation of a forest $F$ and every $k \in \mathbb{N}$ the oriented graphs excluding $F$ and $\vec{K}_k$ as induced subdigraphs have bounded dichrom	Proves the conjecture for $F = P^+(1,1,1)$ (the alternating orientation of the path on four vertices) and $k = 3$ via Theorem 5, complementing an earlier result of Aboulker et al. for $F = \vec{P}_4$ 	https://arxiv.org/abs/2103.04191
78	2103.04191	3_decomposition_conjecture	Aboulker, Charbit, and Naserasr	Conjecture 1.7	$\vec{\chi}(\mathrm{Forbind}(\overleftrightarrow{K_2}, S_2^+, \vec{C}_3)) = \vec{\chi}(\mathrm{Forbind}(\overleftrightarrow{K_2}, S_2^-, \vec{C}_3)) = 2.$	Fully proved as Theorem 1; in fact, a strictly stronger result is proved as Theorem 2, namely $\vec{\chi}(\mathrm{Forbind}(\overleftrightarrow{K_2}, S_2^+, W_3^+)) = 2$, from which Conjecture 1.7 foll	https://arxiv.org/abs/2103.04191
78	2109.01310	3_decomposition_conjecture	unknown, see [1] in paper's bibliography	Conjecture 1.9	For all $k, \Delta > 0$, there exists $c = c(k, \Delta)$ such that every graph with maximum degree at most $\Delta$ and treewidth more than $c$ contains a subdi	This paper does not directly prove new cases of Conjecture 1.9; special cases were established in earlier papers of the same series [2, 4].	https://arxiv.org/abs/2109.01310
78	2201.08204	3_decomposition_conjecture	Galvin and Rödl	Conjecture 1.1	For all $k, r \in \mathbb{N}$ there is an $n \in \mathbb{N}$ such that for every graph $G$ with $\chi(G) \geq n$ and $\omega(G) \leq k$, there is an induced sub	Disproves Conjecture 1.1 for all $r \geq 5$ by constructing, for every $n$, a graph $G$ with $\chi(G) \geq n$ and $\omega(G) \leq 3$ such that every induced subgraph $H$ with $\omega(H) \leq 2$ satisf	https://arxiv.org/abs/2201.08204
78	2202.13306	3_decomposition_conjecture	Aboulker, Charbit, and Naserasr	Conjecture 5.1	For every oriented forest $F$, every transitive tournament is a hero in $Forb_{ind}(F)$.	The paper proves Theorems 5.2 and 5.3 establishing new partial results towards this conjecture in the setting of oriented forests, building on the known reduction to trees.	https://arxiv.org/abs/2202.13306
78	2209.09107	3_decomposition_conjecture	Akbari, Dalirrooyfard, Ehsani, Ozeki, and Sherkati	Conjecture 1.1	Let $G$ be a graph, and let $F:V(G)\xrightarrow{}2^{\mathbb{N}}$. If $|F(v)|<\frac{1}{2}\deg(v)$ for each $v\in V(G)$, then $G$ has an $F$-avoiding orientation.	Proves the conjecture under the stronger bound $|F(v)|<\lfloor\frac{1}{3}\deg(v)\rfloor$ for all graphs, and further improves the coefficient to $\sqrt{2}-1-o(1)\approx 0.414$ when the maximum degree 	https://arxiv.org/abs/2209.09107
78	2209.09107	3_decomposition_conjecture	Akbari, Dalirrooyfard, Ehsani, Ozeki, and Sherkati	Conjecture 1.2	Let $G$ be a graph, and let $F:V(G)\xrightarrow{}2^{\mathbb{N}}$. If $G$ has an orientation $D$ such that $|F(v)|\leq\deg_{D}^{+}(v)$ for every $v\in V(G)$, the	The paper's Combinatorial Nullstellensatz-based sufficient condition (Theorem 1.6) applies to both conjectures and yields new partial results toward each.	https://arxiv.org/abs/2209.09107
78	2211.01032	3_decomposition_conjecture	Mauk and Stahl	Conjecture 1.2	The expected number of faces in a random embedding of the complete graph $K_{n}$ is at most $2\ln n + O(1)$.	Proves (Theorem 1.8) that the expected number of faces of $K_n$ satisfies $\mathbb{E}[F(K_n)] = \Theta(\ln n)$, confirming the logarithmic order but not yet the precise constant $2\ln n + O(1)$.	https://arxiv.org/abs/2211.01032
78	2211.01032	3_decomposition_conjecture	Mauk and Stahl	Conjecture 9.4	The expected number of faces in a random embedding of the complete graph $K_{n}$ is $2\ln n + O(1)$.	Proves (Theorem 1.8) that $\mathbb{E}[F(K_n)] = \Theta(\ln n)$, confirming the logarithmic order; the exact constant $2\ln n + O(1)$ remains open.	https://arxiv.org/abs/2211.01032
78	2306.02364	3_decomposition_conjecture	Nguyen, Scott, and Seymour	Conjecture 1.2	For all $c\geq 0$ there exists $d\geq 0$ such that if $T$ is a tournament with $\chi(T)\geq d$, there is a complete pair $(A,B)$ of $T$ such that $\chi(A),\chi(	Proves two partial results in its favour: Theorem 1.3 establishes the case where $A$ is a cyclic triangle (and $\chi(B)\geq c$), and Theorem 1.4 establishes the conjecture for all tournaments with suf	https://arxiv.org/abs/2306.02364
78	2309.07905	3_decomposition_conjecture	Georgakopoulos and Papasoglu; Albrechtsen et al.	Conjecture 1.2	For every $k \in \mathbb{N}$, there exists $c = c(k) \in \mathbb{N}$ satisfying the following. If $d \in \mathbb{N}$, $G$ is a graph and $X, Y \subseteq V(G)$, 	Proves the $d = 2$ case for graphs with bounded maximum degree (Conjecture 1.4, as Theorem 1.5) and for graphs excluding a topological $K_r$-minor (Theorem 1.9), by showing that $2\chi'_s(G)k$ pairwis	https://arxiv.org/abs/2309.07905
78	2402.05753	3_decomposition_conjecture	authors of ref [26]	Conjecture 1.5	Let $S$ be a geodesic surface of genus $g$. Then $c(S) = O(\sqrt{g})$.	Proves $c(M)=2$ for every compact hyperbolic manifold (Theorem 1.6), regardless of genus, establishing a bound far stronger than $O(\sqrt{g})$ for this entire family of constant-curvature geodesic sur	https://arxiv.org/abs/2402.05753
78	2507.06169	3_decomposition_conjecture	Trotignon	Conjecture 1.5	For all $r,t\in\mathbb{N}$, there exists $c=c(r,t)\in\mathbb{N}$ such that for every graph $G$, if $G$ does not contain $W_{t\times t}$ or $K_{t,t}$ as an induc	Provides a second, simpler counterexample to Conjecture 1.5 that additionally has arbitrarily large girth and does not contain all trees as induced subgraphs; the proof establishes a slightly stronger	https://arxiv.org/abs/2507.06169
78	2508.08870	3_decomposition_conjecture	Brass, Moser, and Pach	Conjecture 1.1	A $d$-dimensional set of $n$ points determines at least $(d-1)n-O(d^{2})$ lines with pairwise distinct directions.	Proves a weaker linear lower bound: any $d$-dimensional set of $n$ points determines at least $bdn$ lines with pairwise distinct directions for an absolute constant $b \geq \frac{1}{48}$, providing th	https://arxiv.org/abs/2508.08870
78	2510.01791	3_decomposition_conjecture	Bogdanov, Neustroeva, Sokolov, Volostnov, Russkin, and Voronov	Conjecture 1.2	Any $n$-vertex graph with fewer than $3n-6$ edges admits a bipartite cut, while some graphs with $3n-6$ edges do not. In particular, $\ell_{3}=3$.	The paper does not directly prove or disprove Conjecture 1.2; it cites it as motivation for the general Conjecture 1.3, which the paper refutes for all sufficiently large $k$, showing that $\ell_k \si	https://arxiv.org/abs/2510.01791
78	2605.01223	3_decomposition_conjecture	Dallard, Milanič, and Štorgel	Conjecture 1.1	A hereditary class $\mathcal{G}$ has bounded $\operatorname{{\text{\sf{tree}}-\alpha}}$ if (and only if) $\mathcal{G}$ is $(\operatorname{{\sf tw}},\omega)$-bou	Proves the conjecture for the special case of hereditary classes defined by finitely many excluded induced subgraphs, as a corollary of the main result Theorem 1.4.	https://arxiv.org/abs/2605.01223
78	2605.01223	3_decomposition_conjecture	Dallard, Krnc, Kwon, Milanič, Munaro, Štorgel, and Wiederrecht	Conjecture 1.2	Let $\mathcal{F}$ be a finite class of graphs. Then the class of all $\mathcal{F}$-free graphs has bounded $\operatorname{{\text{\sf{tree}}-\alpha}}$ if (and on	Proved completely by this paper.	https://arxiv.org/abs/2605.01223
78	2605.01223	3_decomposition_conjecture	Dallard, Krnc, Kwon, Milanič, Munaro, Štorgel, and Wiederrecht	Conjecture 1.5	For all $a,b\in\mathbb{N}$, the class of all $K_{a,a}$-free graphs with no induced subgraph isomorphic to the $b$-vertex path has bounded $\operatorname{{\text{	Settled completely as a consequence of the main result.	https://arxiv.org/abs/2605.01223
78	2112.02313	adams_conjecture	Cereceda	Cereceda's Conjecture	Any two $k$-colorings of a $d$-degenerate graph on $n$ vertices are equivalent up to $O(n^2)$ trivial Kempe changes (single-vertex recolorings) when $k > d + 2$	Extends the treewidth confirmation of Cereceda's conjecture (due to Bonamy and Bousquet) to the setting of non-trivial Kempe changes with one fewer color: proves any two $k$-colorings of an $n$-vertex	https://arxiv.org/abs/2112.02313
78	2112.02378	behzads_conjecture	Combinatorial geometry community; see Brass, Moser, and Pach [BrMP05]	Conjecture 1.1 (r-Quasiplanar Graph Conjecture)	The number of edges of every $r$-quasiplanar graph of $n$ vertices is $O_r(n)$.	Proves that every $r$-quasiplanar graph with $n \geq r$ vertices, for $r = 2s$ and $s \geq 3$, has at most $n\bigl(\frac{c\log n}{s}\bigr)^{2s-4}$ edges, where $c > 0$ is an absolute constant, improvi	https://arxiv.org/abs/2112.02378
78	1904.12060	edge_list_coloring_conjecture	Vizing; Gupta; Behzad	Conjecture 1 (List Coloring Conjectures)	Every simple graph $G$ satisfies $\chi'(G) = \chi'_\ell(G)$ and $\chi''(G) = \chi''_\ell(G)$.	Cited as foundational background motivation; the paper's main result (proving the list total coloring analogue for planar graphs with $\Delta \geq 8$) is consistent with this conjecture but does not d	https://arxiv.org/abs/1904.12060
78	2605.10112	jones_conjecture	Hajós	Hajós' Conjecture (k=5)	Every $5$-chromatic graph contains a subdivision of $K_{5}$.	Proves that every 5-chromatic graph contains a dominating $K_{5}$-model $(T_1,\dots,T_5)$ with $T_4=\{v\}$ and $T_5=\{w\}$ singletons and $v,w$ adjacent, providing structural progress strictly stronge	https://arxiv.org/abs/2605.10112
78	1703.08123	monochromatoc_reachability_in_arc_colored_digraphs	Sands, Sauer, and Woodrow; Erdős	Conjecture 2 (Erdős-Sands-Sauer-Woodrow, quasi-order formulation)	For every $k$, there exists an integer $f(k)$ such that if $T$ is a complete multidigraph whose arcs are the union of $k$ quasi-orders, then $\gamma(T) \leq f(k	Proved in full: Theorem 6 establishes $\gamma(T) = O(\ln(2k) \cdot k^{k+2})$, giving an explicit bound for $f(k)$.	https://arxiv.org/abs/1703.08123
78	2210.16971	sidorenkos_conjecture	Erdős–Simonovits and Sidorenko	Sidorenko's Conjecture (Conjecture 1.2)	For every bipartite graph $A$ and graph $H$, we have $t(A, H) \geq t(K_2, H)^{e(A)}$.	Shows that an oriented graph $B$ admitting a homomorphism $B \to \vec{K}_2$ has the directed Sidorenko property if and only if its underlying undirected bipartite graph has the asymmetric Sidorenko pr	https://arxiv.org/abs/2210.16971
78	2402.08418	sidorenkos_conjecture	Erdős–Simonovits and Sidorenko	Sidorenko's Conjecture (Conjecture 1.2)	For every bipartite undirected graph $H$ and every undirected graph $G$, $t_H(G) \geq t_{K_2}(G)^{e(H)}$.	Develops tournament analogues of Sidorenko's conjecture: proves asymptotically tight bounds on the maximum number of edges in a tournament anti-Sidorenko digraph, gives novel constructions of tourname	https://arxiv.org/abs/2402.08418
78	2305.13422	subgraph_of_large_average_degree_and_large_average_degree	Lefmann, Rödl, and Thomas	Conjecture 1.2 (Lefmann, Rödl, Thomas)	For all positive integers $l$ and $k$, $f(l, k) = l^{k-1}$.	Proves the conjecture for $l \geq C_\varepsilon k^3 (\log k)^{1+\varepsilon}$ (Theorem 1.3) and establishes the general upper bound $f(l,k) \leq D_\varepsilon k(\log k)^{1+\varepsilon} \cdot l^{k-1}$ 	https://arxiv.org/abs/2305.13422
78	1510.00549	the_crossing_number_of_the_complete_graph	Harary and Hill	Harary–Hill Conjecture	The crossing number of the complete graph $K_n$ is $$H(n) = \frac{1}{4}\left\lfloor\frac{n}{2}\right\rfloor\left\lfloor\frac{n-1}{2}\right\rfloor\left\lfloor\fr	Proves that every $\left(\lfloor n/2\rfloor - 2\right)$-bishellable drawing $D$ of $K_n$ satisfies $\mathrm{cr}(D) \geq H(n)$, strictly enlarging the class of drawings covered beyond the previously kn	https://arxiv.org/abs/1510.00549
77	2104.07927	book_thickness_of_subdivisions	Gyárfás and Sumner	Gyárfás-Sumner Conjecture (Conjecture 1.1)	For every forest $H$, there is a function $f$ such that $\chi(G) \leq f(\omega(G))$ for every $H$-free graph $G$.	Proves that for every tree $H$ there exists $c>0$ such that every $H$-free graph $G$ with no $K_{t,t}$ subgraph satisfies $\partial(G)\leq(|H|\zeta t)^c$, establishing polynomial bounds for the $\tau(	https://arxiv.org/abs/2104.07927
77	2107.11780	book_thickness_of_subdivisions	Gyárfás and Sumner	Gyárfás-Sumner Conjecture (Conjecture 1.1)	For every forest $H$, there is a function $f$ such that $\chi(G) \leq f(\omega(G))$ for every $H$-free graph $G$.	Proves the conjecture for all star-forests $H$ as an implicit consequence of the main theorem establishing polynomial $\chi$-binding functions for those forests.	https://arxiv.org/abs/2107.11780
77	2108.07066	book_thickness_of_subdivisions	Gyárfás and Sumner	Gyárfás-Sumner Conjecture (Conjecture 1.1)	For every forest $H$, there is a function $f$ such that $\chi(G) \leq f(\omega(G))$ for every $H$-free graph $G$.	Proves that for every double star $H$ the bounding function $f$ in the Gyárfás-Sumner conjecture can be chosen to be a polynomial, i.e., $\chi(G) \leq f(\omega(G))$ with $f$ a polynomial for every $H$	https://arxiv.org/abs/2108.07066
77	1812.07327	grahams_conjecture_on_tree_reconstruction	Harris	Harris' Conjecture	The fractional chromatic number $\chi_f(G)$ can be upper bounded by a function (in fact, even a linear function) of the Hall ratio $\rho(G)$.	Disproves the conjecture by establishing Corollary 3: for every positive integer $c$ there exists a graph with fractional chromatic number at least $c$ and Hall ratio at most $18$.	https://arxiv.org/abs/1812.07327
77	2403.16319	grahams_conjecture_on_tree_reconstruction	Bollobás, Leader, and Malvenuto	Conjecture on L(d)	$L(d)=\binom{d}{\lfloor d/2\rfloor}$	Builds on the refutation by Ellis, Ivan and Leader [4], who showed $L(d)\leq\frac{5}{6}\binom{d}{\lfloor d/2\rfloor}$ for $d\geq 4$; the paper analyzes their construction further and obtains improved 	https://arxiv.org/abs/2403.16319
77	1903.05363	subgraph_of_large_average_degree_and_large_average_degree	Richter	Richter's Bounded Maximum Degree Conjecture	For every positive integer $c$, there exists an integer $D(c)$ such that every $c$-crossing-critical graph has maximum degree fewer than $D(c)$.	Proves the conjecture holds for every $c \leq 12$ (Theorem 1.1) and disproves it for every $c \geq 13$ via explicit constructions of 3-connected $c$-crossing-critical graphs containing arbitrarily man	https://arxiv.org/abs/1903.05363
77	2310.04265	the_circular_embedding_conjecture	Nguyen, Scott and Seymour	BIG⇒BIG Conjecture	The class of all tournaments has the $BIG\Rightarrow BIG$ property.	The paper invokes a theorem of Klingelhöfer and Newman (Theorem 4.17) to prove Theorem 4.18 establishing a related structural result about tournaments with the $BIG\Rightarrow BIG$ property.	https://arxiv.org/abs/2310.04265
77	2004.12166	the_erdos_hajnal_conjecture	Erdős and Hajnal	Erdős-Hajnal Conjecture (Conjecture 3)	Every graph $H$ satisfies the Erdős-Hajnal property, i.e., there exists a constant $\delta > 0$ such that every $H$-free graph $G$ with $n$ vertices contains ei	Proves that a constructive version of the Erdős-Hajnal conjecture implies the improved approximation conjecture (Conjecture 5), and shows the improved approximation property is closed under graph subs	https://arxiv.org/abs/2004.12166
76	2110.00278	book_thickness_of_subdivisions	Gyárfás and Sumner	Gyárfás-Sumner Conjecture (Conjecture 1.1)	For every forest $H$ there is a function $f$ such that $\chi(G) \leq f(\omega(G))$ for every $H$-free graph $G$.	Proves the near-polynomial bound $\chi(G) \leq \omega(G)^{\log_2(\omega(G))}$ for $P_5$-free graphs with $\omega(G) \geq 3$, significantly improving the previously best known exponential bound $(5/27)	https://arxiv.org/abs/2110.00278
76	2202.05557	book_thickness_of_subdivisions	Gyárfás and Sumner	Conjecture 1.1 (Gyárfás-Sumner Conjecture)	For every forest $H$ there is a function $f$ such that $\chi(G) \leq f(\omega(G))$ for every $H$-free graph $G$.	Proves that for every tree $H$ of radius two and every integer $d \geq 1$, there is a polynomial $f$ such that $\chi(G) \leq f(\tau_d(G))$ for every $H$-free graph $G$ (Theorem 1.6), which in particul	https://arxiv.org/abs/2202.05557
76	1809.04716	colouring_the_square_of_a_planar_graph	Akiyama, Exoo, and Harary	Linear Arboricity Conjecture (Conjecture 1.1)	Let $G$ be a graph of maximum degree $\Delta$. Then, $la(G) \leq \left\lceil \frac{\Delta + 1}{2} \right\rceil$.	Proves that for any $\Delta$-regular graph $G$, $la(G) \leq \frac{\Delta}{2} + C\Delta^{2/3-\alpha}$ for absolute constants $\alpha > 0$ and $C > 0$, improving the Alon–Spencer bound $\frac{\Delta}{2}	https://arxiv.org/abs/1809.04716
76	1904.12060	goldbergs_conjecture	Behzad; Vizing	Conjecture 4 (Total Coloring Conjecture)	Every simple graph $G$ satisfies $\chi''(G) \leq \Delta(G) + 2$.	Cited as motivation for Conjecture 5 (the list version); the paper's results on total list coloring for planar graphs also yield results on total coloring, but the direct focus is on the strictly stro	https://arxiv.org/abs/1904.12060
76	1701.06301	grahams_conjecture_on_tree_reconstruction	Gyárfás	Gyárfás Conjecture 6.8	Let $\mathcal{C}$ be the class of graphs $G$ such that $\alpha(H)\omega(H) \geq |V(H)| - 1$ for every induced subgraph $H$ of $G$. Then $\mathcal{C}$ is $\chi$-	Proves the conjecture as an immediate corollary of Theorem 1.2 (the $\chi$-boundedness result for classes with no $c+1$ pairwise anticomplete odd holes).	https://arxiv.org/abs/1701.06301
76	1808.04757	grahams_conjecture_on_tree_reconstruction	Ron Graham	Graham's Conjecture on Optimal Addressings	$N_2(G) = n-1$ for almost all graphs $G$ on $n$ vertices.	Disproves the conjecture by proving that $N_2(G) \leq n - (2 - o(1))\log_2 n$ for almost all connected graphs $G$ on $n$ vertices.	https://arxiv.org/abs/1808.04757
76	2409.18220	high_connectivity_no_k_n	Elphick, Farber, Goldberg, and Wocjan	Conjecture 1 (Elphick, Farber, Goldberg, Wocjan)	For every connected graph $G$ of order $n$, $s(G) \geq n - 1$.	Proves the first known linear lower bound $s(G) \geq \frac{3n}{4}$ for every connected graph $G$ of order $n \geq 4$, via a superadditivity result for positive and negative square energies over vertex	https://arxiv.org/abs/2409.18220
76	2006.11353	hoand_reed_conjecture	Hoang and McDiarmid	Hoang–McDiarmid Conjecture	A graph $G$ has every induced subgraph $2$-divisible if and only if $G$ contains no induced odd cycle of length at least five.	The conjecture is discussed in Section 3 as related context on connections between clique colourings and perfect graphs; no new results concerning it are proved in this paper.	https://arxiv.org/abs/2006.11353
76	1606.06114	large_acyclic_induced_subdigraph_in_a_planar_oriented_graph	Neumann-Lara (and independently Škrekovski)	Conjecture 1.1 (Neumann-Lara)	Every oriented planar graph is 2-colourable.	Proves a relaxed version: every planar digraph of digirth at least 4 is 2-colourable (the previously known result required digirth at least 5).	https://arxiv.org/abs/1606.06114
76	2110.09403	list_hadwiger_conjecture	Kawarabayashi and Mohar	Conjecture 3 (List Hadwiger Conjecture)	There exists an absolute constant $c > 0$ such that every $K_t$-minor free graph $G$ satisfies $\chi_\ell(G) \leq ct$.	Shows that $c \geq 2$ is necessary by constructing $K_t$-minor free graphs with list chromatic number at least $(2-o(1))t$ via the probabilistic method, improving the previous lower bound $c \geq \fra	https://arxiv.org/abs/2110.09403
76	2310.04265	monochromatic_reachability_vs_rainbow_triangles	Chudnovsky, Kim, Liu, Seymour and Thomassé	Rebels = Poset Tournaments Conjecture	Every poset tournament is a rebel.	The paper notes that proving $S_k$ is a rebel for every $k$ would imply Conjecture 5.3, thereby connecting this conjecture to the clique-number framework developed in the paper.	https://arxiv.org/abs/2310.04265
76	2206.00594	number_of_cliques_in_minor_closed_classes	Ngoc-Khang Le	Conjecture 1.5 (Le)	There is a constant $c$ such that every $\mathcal{O}_{2}$-free $n$-vertex graph has at most $n^{c}$ distinct induced paths.	Theorem 1.1 of this paper (logarithmic feedback vertex set for sparse $\mathcal{O}_k$-free graphs) was the key tool used by Nguyen, Scott, and Seymour [NSS24] to resolve this conjecture in the more ge	https://arxiv.org/abs/2206.00594
76	1907.00351	partitioning_planar_digraphs	Neumann-Lara and Škrekovski	Neumann-Lara / Škrekovski Conjecture (Conjecture 1)	If $G$ is a planar graph, then $\vec{\chi}(G) \leq 2$.	Shows that Neumann-Lara's Conjecture is equivalent to the more general statement that every $K_5$-minor-free graph $G$ satisfies $\vec{\chi}(G) \leq 2$ and moreover any orientation of $G$ admits an ac	https://arxiv.org/abs/1907.00351
76	1807.11733	reconstruction_conjecture	Kelly and Ulam	Reconstruction Conjecture (Conjecture 1.1)	For $n > 2$, two graphs $G$ and $H$ of order $n$ are isomorphic if and only if $\mathcal{D}(G) = \mathcal{D}(H)$.	The paper does not directly prove new cases of the Reconstruction Conjecture, but establishes the related result that the number of edges of any graph on $n$ vertices is reconstructible from any deck 	https://arxiv.org/abs/1807.11733
76	2307.15512	vertex_coloring_of_graph_fractional_powers	Meyniel (communicated by Frankl)	Meyniel's Conjecture (Conjecture 1.1)	Let $G$ be a connected graph on $n$ vertices. Then $c(G) = O(\sqrt{n})$.	Proves that whp the cop number of the $k$-uniform binomial random hypergraph $G^k(n,p)$ is $\tilde{O}\!\left(\sqrt{n/k}\right)$ for a broad range of $k$ and $p$ (Corollary 1.8), establishing the hyper	https://arxiv.org/abs/2307.15512
75	1912.03236	behzads_conjecture	Tomescu	Tomescu's Graph Coloring Conjecture	If $G$ is a connected graph on $n$ vertices and $\chi(G) = k \geq 4$, then $P_G(k) \leq k!(k-1)^{n-k}$, with equality if and only if the $2$-core of $G$ is a $k	Proves analogues for $\ell$-connected graphs: the exact tight bound $P_G(k) \leq (k-1)!((k-1)^{n-k+1}+(-1)^{n-k})$ for $2$-connected graphs (with equality iff $G \cong G_{n,k}$), and the asymptoticall	https://arxiv.org/abs/1912.03236
75	2212.09971	behzads_conjecture	Stahl	Conjecture 1 (Stahl)	For every graph $G$, the genus polynomial $\Gamma_G(x)$ has only real roots.	By computing genus polynomials for all cubic graphs with up to 16 vertices, identifies 226 cubic graphs whose genus polynomials have at least one non-real root, and exhibits six specific graphs whose 	https://arxiv.org/abs/2212.09971
75	2505.07002	grahams_conjecture_on_tree_reconstruction	Grünbaum	Grünbaum's Conjecture (Conjecture 2)	If $G$ is a 2-connected cubic graph embedded in the torus and $G$ is not 3-edge-colorable, then $G$ contains two edges on the same face of the embedding, whose 	Proves a strengthening: the only snarks embeddable in the torus are the Petersen graph and its dot products (the Blanuša-$H_k$ ($k\geq 1$) and Blanuša-$V_k$ ($k\geq 1$) families), implying that every 	https://arxiv.org/abs/2505.07002
75	1912.06957	hedetniemis_conjecture	unknown	Weak Meyniel's Conjecture	There is an $\varepsilon > 0$ such that every graph $G$ of order $n$ has $c(G) = O(n^{1-\varepsilon})$.	Shows (Lemma 7) that if Meyniel's conjecture holds for subcubic graphs then the Weak Meyniel's Conjecture holds with exponent 3/4 for all graphs; more generally (Corollary 8), the weak conjecture for 	https://arxiv.org/abs/1912.06957
75	2403.17568	large_induced_forest_in_a_planar_graph	Akbari, Amanihamedani, Mousavi, Nikpey, and Sheybani	Conjecture 3 (Akbari et al.)	Every graph $G$ with minimum degree at least $2$ has an induced linear forest with at least $\sum_{v\in V(G)}\frac{2}{d(v)+1}$ vertices.	Proves Conjecture 3 in full generality as a corollary of Theorem 4, which shows every graph $G$ (with no minimum-degree restriction) has an induced linear forest with at least $f(G)$ vertices where $f	https://arxiv.org/abs/2403.17568
75	2307.15032	ramsey_properties_of_cayley_graphs	Erdős and Hajnal	Erdős-Hajnal Conjecture (Conjecture 1.1 / 1.2)	For every graph $H$ there exists $c>0$ such that every $H$-free graph $G$ has a stable set or clique of size at least $|G|^{c}$.	Proves that for every path $P$, every $P$-free graph on $n$ vertices contains a clique or stable set of size at least $2^{(\log n)^{1-o(1)}}$, establishing the 'near Erdős-Hajnal' property for all pat	https://arxiv.org/abs/2307.15032
75	2412.21194	ramsey_properties_of_cayley_graphs	Alon	Conjecture 1.9 (Alon's Conjecture on Ramsey Cayley Graphs)	There is a constant $C$ such that every finite group has a $C$-Ramsey Cayley graph.	Proves Alon's conjecture for all abelian groups of order $N$ for almost all $N$; additionally, for finite vector spaces of order $N$ with characteristic $\equiv 1\pmod{4}$, proves the existence of a s	https://arxiv.org/abs/2412.21194
75	2505.05339	rysers_conjecture	Ryser	Ryser's Conjecture (Conjecture 1.1)	Every $r$-partite $r$-uniform hypergraph $\mathcal{H}$ satisfies $$\tau(\mathcal{H})\leq(r-1)\nu(\mathcal{H}).$$	The paper disproves Lovász's Conjecture 1.2 (which would have implied Ryser's conjecture via iterated matching-number reduction), thereby ruling out one proposed proof route; Ryser's conjecture itself	https://arxiv.org/abs/2505.05339
75	1908.03788	subgraph_of_large_average_degree_and_large_average_degree	Beisegel, Chudnovsky, Gurvich, Milanič, and Servatius	Beisegel et al. Conjecture 1	For every positive integer $k$, every graph either is $P_k$-free or contains an avoidable $P_k$.	Proves the conjecture in full generality as Theorem 1.9, via a stronger induction hypothesis (Theorem 2.4), superseding all previous partial results.	https://arxiv.org/abs/1908.03788
75	1803.03588	the_erdos_hajnal_conjecture	Erdős and Hajnal	Erdős-Hajnal Conjecture (Conjecture 1.1)	For every graph $H$, there exists $\varepsilon > 0$ such that every $H$-free graph $G$ satisfies $\max(\alpha(G), \omega(G)) \geq |V(G)|^{\varepsilon}$.	Proves that for every $C_5$-free graph $G$ with $n > 1$ vertices, $\max(\alpha(G), \omega(G)) \geq 2^{c\sqrt{\log n \log \log n}}$, improving the previously best known general bound of $2^{c\sqrt{\log	https://arxiv.org/abs/1803.03588
75	1804.01060	the_erdos_hajnal_conjecture	Erdős and Hajnal	Erdős-Hajnal Conjecture (Conjecture 1.1)	For every graph $H$, the ideal of $H$-free graphs has the Erdős-Hajnal property.	Proves as a corollary (Theorem 1.3) that for every graph $H$ there exists $c > 0$ such that every graph $G$ either contains an induced subdivision of $H$ in $G$ or $\bar{G}$, or has a clique or stable	https://arxiv.org/abs/1804.01060
75	1809.00919	the_erdos_hajnal_conjecture	Erdős and Hajnal	Erdős-Hajnal Conjecture (Conjecture 1.1)	For every graph $H$, there exists $c > 0$ such that every $H$-free graph $G$ satisfies $\alpha(G)\omega(G) \geq |G|^c$.	Proves that for every forest $H$ there exists $c > 0$ such that every graph $G$ that is both $H$-free and $\bar{H}$-free satisfies $\alpha(G)\omega(G) \geq |G|^c$, establishing the Erdős-Hajnal proper	https://arxiv.org/abs/1809.00919
75	2005.02896	the_erdos_hajnal_conjecture	Erdős and Hajnal	Erdős-Hajnal Conjecture (Conjecture 1.1)	For every graph $H$, there exists $\varepsilon > 0$ such that every $H$-free graph $G$ has a clique or stable set of cardinality at least $|G|^\varepsilon$.	Proves the conjecture for the class of hole-with-hat-free graphs: there exists $\varepsilon > 0$ such that every hole-with-hat-free graph $G$ has a clique or stable set of cardinality at least $|G|^\v	https://arxiv.org/abs/2005.02896
75	2009.09426	the_erdos_hajnal_conjecture	Erdős and Hajnal	Erdős-Hajnal Conjecture (Conjecture 1.1)	For every graph $H$, there exists $c > 0$ such that every $H$-free graph $G$ satisfies $\alpha(G)\omega(G) \geq |G|^c$.	Proves bipartite analogues of the strong Erdős-Hajnal property (Theorems 1.5 and 1.6), establishing that excluding a forest bigraph and its bicomplement forces linear-sized pure pairs in each part, an	https://arxiv.org/abs/2009.09426
75	2110.00278	the_erdos_hajnal_conjecture	Erdős and Hajnal	Erdős-Hajnal Conjecture (Conjecture 1.6)	For every graph $H$ there exists $c > 0$ such that $\alpha(G)\omega(G) \geq |G|^c$ for every $H$-free graph $G$.	Proves the near-polynomial bound $\chi(G) \leq \omega(G)^{\log_2(\omega(G))}$ for $P_5$-free graphs with $\omega(G) \geq 3$, making progress towards establishing the Erdős-Hajnal conjecture for $P_5$,	https://arxiv.org/abs/2110.00278
75	2301.10147	the_erdos_hajnal_conjecture	Erdős and Hajnal	Erdős-Hajnal Conjecture (Conjecture 1.1)	For every graph $H$ there exists $c > 0$ such that $\kappa(G) \geq |G|^c$ for every $H$-free graph $G$.	Proves that every $H$-free graph $G$ with $|G|\geq 2$ satisfies $\kappa(G)\geq 2^{c\sqrt{\log|G|}\,\log\log|G|}$ (Theorem 1.3), the first improvement over the $2^{c\sqrt{\log|G|}}$ bound for general $	https://arxiv.org/abs/2301.10147
75	2307.06455	the_erdos_hajnal_conjecture	Erdős and Hajnal	Erdős-Hajnal Conjecture (Conjecture 1.1)	For every graph $H$, there exists $c>0$ such that in every $H$-free graph $G$ there is a clique or a stable set of size at least $|G|^{c}$.	Proves infinitely many prime graphs satisfy the conjecture: all graphs $H$ whose every non-trivial prime induced subgraph $H'$ has a vertex of degree one and a vertex of degree $|H'|-2$; more generall	https://arxiv.org/abs/2307.06455
75	2312.15333	the_erdos_hajnal_conjecture	Erdős and Hajnal	Erdős-Hajnal Conjecture (Conjecture 1.1)	For every graph $H$, there exists $\tau>0$ such that every $n$-vertex $H$-free graph has a clique or stable set of size at least $n^{\tau}$.	Proves that $P_5$ satisfies the Erdős-Hajnal conjecture (Theorem 1.2), thereby completing the verification of the conjecture for all five-vertex graphs.	https://arxiv.org/abs/2312.15333
75	2312.15572	the_erdos_hajnal_conjecture	Erdős and Hajnal	Erdős-Hajnal Conjecture (Conjecture 1.1)	Every proper hereditary class of graphs has the Erdős-Hajnal property.	Proves the conjecture for the special case of all proper hereditary classes of bounded VC-dimension (Theorem 1.2), and for all two-colourable tournaments in the tournament setting (Theorem 6.3).	https://arxiv.org/abs/2312.15572
75	2312.01028	vertex_coloring_of_graph_fractional_powers	Pach and Tóth	Pach–Tóth Conjecture	For every fixed $k$, the maximum number of edges in an $n$-vertex simple topological graph with no $k$ pairwise disjoint edges is at most $O_k(n)$.	Theorem 1.2 establishes that every $n$-vertex simple topological graph with no $k$ pairwise disjoint edges has at most $n(\log n)^{O(\log k)}$ edges, improving the prior bound of $O(n \log^{4k-8} n)$.	https://arxiv.org/abs/2312.01028
75	2603.17630	vertex_coloring_of_graph_fractional_powers	Lee	Conjecture 1.3 (Lee)	Let $d$ be sufficiently large, let $G$ be a connected graph with $n$ vertices and minimum degree at least $d$, and let $\mathcal{T}$ be a uniformly random spann	Proves the conjecture in a strong form: for every connected graph $G$ with $n$ vertices and minimum degree at least $d$, and every tree $T$, $\mathbb{P}(\mathcal{T}\cong T)\leq n^{-\Omega(d)}$, with t	https://arxiv.org/abs/2603.17630
